,Quote,ref,Age
0,How is it that ye sought me? wist ye not that I must be about my Father's business?,"Luke 2, 40-52.",A.D. 8. Age 12. Nazareth. Jerusalem
1,Suffer it to be so now: for thus it becometh us to fulfill all righteousness.,"Matthew 3, 1-6; 13-17: Mark 1, 10-11; Luke 3, 22-23.",A.D. 27. Age 30 Judea: Jordan.
2,"It is written, Man shall not live by bread alone, but by every word that proceedeth out of the mouth of God.","Matthew 4, 1-11: Mark 1, 13: Luke 4, 1-13.",A.D. 27. Age 30. Judea.
3,What seek ye?,"John, 1, 19-20 . . . 22-29 . . . 37-51.",A.D. 27 Age 30. Bethabara
4,"Woman, what have I to do with thee? mine hour is not yet come.","John 2, 1-9; 12-16; 18-21.",A.D. 27. Age 30. Cana. Jerusalem.
5,"Verily, verily, I say unto thee, Except a man be born again, he cannot see the kingdom of God.","John 3, 1-21.","April, A.D. 27 Age 30. Jerusalem."
6,Give me to drink.,"John 3, 22 . . . 28; 1-40.",A.D. 27. Age 30. Samaria: Sychar.
7,"Except ye see signs and wonders, ye will not believe.","John 4, 43-53.",A.D. 27. Age 30. Galilee: Cana (again).
8,Wilt thou be made whole?,"John 5, 1-47.",A.D. 27. Age 30. Jerusalem: Pool of Bethesda.
9," *The Spirit of the Lord is upon me, because he hath anointed me to preach the gospel to the poor; he hath sent me to heal the brokenhearted, to preach deliverance to the captives, and recovering of sight to the blind, to set at liberty them that are bruised, to preach the acceptable year of the Lord.","Luke 4, 16-31; Mark 1, 15; Matthew 4, 17.",A.D. 28. Age 31. Nazareth. Capernaum.
10,"Come ye after me, and I will make you to become fishers of men. Follow me.","Mark 1, 16-26; Luke 4, 31 . . . 38 . . . 44; Matthew 4, 17 . . . 25.",A.D. 28. Age 31. Galilee: Capernaum.
11,Blessed are the poor in spirit: for theirs is the kingdom of heaven.,"Matthew 5, 1-48.","A.D. 28, Age 31 Near Capernaum."
12,Blessed are they that mourn: for they shall be comforted.,"Matthew 5, 1-48.","A.D. 28, Age 31 Near Capernaum."
13,Blessed are the meek: for they shall inherit the earth.,"Matthew 5, 1-48.","A.D. 28, Age 31 Near Capernaum."
14,Blessed are they which do hunger and thirst after righteousness: for they shall be filled.,"Matthew 5, 1-48.","A.D. 28, Age 31 Near Capernaum."
15,Blessed are the merciful: for they shall obtain mercy.,"Matthew 5, 1-48.","A.D. 28, Age 31 Near Capernaum."
16,Blessed are the pure in heart: for they shall see God.,"Matthew 5, 1-48.","A.D. 28, Age 31 Near Capernaum."
17,Blessed are the peacemakers: for they shall be called the children of God.,"Matthew 5, 1-48.","A.D. 28, Age 31 Near Capernaum."
18,Blessed are they which are persecuted for righteousness' sake: for theirs is the kingdom of heaven.,"Matthew 5, 1-48.","A.D. 28, Age 31 Near Capernaum."
19,"TAKE heed that ye do not your alms before men, to be seen of them; otherwise ye have no reward of your Father which is in heaven. Therefore when thou doest thine alms, do not sound a trumpet before","Matthew 6, 1-34.","A.D. 28, Age 31 Near Capernaum."
20,"JUDGE not, that ye be not judged. For with what judgment ye judge, ye shall be judged: and with what measure ye mete, it shall be measured to you again.","Matthew 7, 1-29.","A.D. 28, Age 31 Near Capernaum."
21,"And why beholdest thou the mote that is in thy brother's eye, but considerest not the beam that is in thine own eye? Or how wilt thou say to thy brother, Let me pull out the mote out of thine eye; and, behold, a beam is in thine own eye? Thou hypocrite, first cast out the beam out of thine own eye; and then shalt thou see clearly to cast out the mote out of thy brother's eye.","Matthew 7, 1-29.","A.D. 28, Age 31 Near Capernaum."
22,"¶Give not that which is holy unto the dogs, neither cast ye your pearls before swine, lest they trample them under their feet, and turn again and rend you.","Matthew 7, 1-29.","A.D. 28, Age 31 Near Capernaum."
23,"¶Ask, and it shall be given you; seek, and ye shall find; knock, and it shall be opened unto you: for every one that asketh receiveth; and he that seeketh findeth; and to him that knocketh it shall be opened.","Matthew 7, 1-29.","A.D. 28, Age 31 Near Capernaum."
24,"Or what man is there of you, whom if his son ask bread, will he give him a stone? Or if he asks a fish, will he give him a serpent? If ye then, being evil, know how to give good gifts unto your children, how","Matthew 7, 1-29.","A.D. 28, Age 31 Near Capernaum."
25,I will; be thou clean.,"Matthew 8, 1-4; 9, 2-7; Mark 1, 40-45; 2, 1-12; Luke 5, 1-15; and 18-25.",A.D. 28. Age 31. By Lake Gennesaret. Capernaum.
26,Follow me.,"Luke 5, 27-39; Matthew 9, 9-17; Mark 2, 13-22.","A.D. 28, Age 31. Capernaum."
27,"Have ye never read so much as this: what David did, when himself was a hungered, and had need, he, and they which were with him: how he went into the house of God in the days of Abiathar the high priest, and did take and eat the shewbread, and gave also to them which were with him, which was not lawful for him to eat, neither for them which were with him, but for the priests alone?","Matthew 12, 1-16: Mark 2, 23-28; 3, 1-15; 22-29: Luke 6, 1-13; 11, 24-26.",A.D. 28. Age 31. Capernaum.
28,"Or have ye not read in the law, how that on the sabbath days the priests in the temple profane the sabbath, and are blameless?","Matthew 12, 1-16: Mark 2, 23-28; 3, 1-15; 22-29: Luke 6, 1-13; 11, 24-26.",A.D. 28. Age 31. Capernaum.
29,"But I say unto you, That in this place is one greater than the temple. But if ye had known what this meaneth, I will have mercy, and not sacrifice, ye would not have condemned the guiltless.","Matthew 12, 1-16: Mark 2, 23-28; 3, 1-15; 22-29: Luke 6, 1-13; 11, 24-26.",A.D. 28. Age 31. Capernaum.
30,"The sabbath was made for man, and not man for the sabbath: therefore the Son of man is Lord even of the sabbath day.","Matthew 12, 1-16: Mark 2, 23-28; 3, 1-15; 22-29: Luke 6, 1-13; 11, 24-26.",A.D. 28. Age 31. Capernaum.
31,Blessed be ye poor: for yours is the kingdom of God.,"Matthew 10, 2-4: Mark 3, 16-19: Luke 6, 14-38.",A.D. 28. Age 31. Near Capernaum.
32,Blessed are ye that hunger now: for ye shall be filled.,"Matthew 10, 2-4: Mark 3, 16-19: Luke 6, 14-38.",A.D. 28. Age 31. Near Capernaum.
33,Blessed are ye that weep now: for ye shall laugh.,"Matthew 10, 2-4: Mark 3, 16-19: Luke 6, 14-38.",A.D. 28. Age 31. Near Capernaum.
34,"Blessed are ye, when men shall have you, and when they shall separate you from their company, and shall reproach you, and cast out your name as evil, for the Son of man's sake.","Matthew 10, 2-4: Mark 3, 16-19: Luke 6, 14-38.",A.D. 28. Age 31. Near Capernaum.
35,"Before ye in that day, and leap for joy: for, behold, your reward is great in heaven: for in the like manner did their fathers unto the prophets.","Matthew 10, 2-4: Mark 3, 16-19: Luke 6, 14-38.",A.D. 28. Age 31. Near Capernaum.
36,But woe unto you that are rich! for ye have received your consolation.,"Matthew 10, 2-4: Mark 3, 16-19: Luke 6, 14-38.",A.D. 28. Age 31. Near Capernaum.
37,Woe unto you that are full! for ye shall hunger.,"Matthew 10, 2-4: Mark 3, 16-19: Luke 6, 14-38.",A.D. 28. Age 31. Near Capernaum.
38,Woe unto you that laugh now! for ye shall mourn and weep.,"Matthew 10, 2-4: Mark 3, 16-19: Luke 6, 14-38.",A.D. 28. Age 31. Near Capernaum.
39,Can the blind lead the blind? shall they not both fall into the ditch? The disciple is not above his master: but every one that is perfect shall be as his master.,"Luke 6, 39-49.",A.D. 28. Age 31. Near Capernaum.
40,"And why beholdest thou the mote that is in thy brother's eye, but perceivest not the beam that is in thine own eye? Either how canst thou say to thy brother, Brother, let me pull out the mote that is in thine eye, when thou thyself beholdest not the beam that is in thine own eye? Thou hypocrite, cast out first the beam out of thine own eye, and then shalt thou see clearly to pull out the mote that is in thy brother's eye.","Luke 6, 39-49.",A.D. 28. Age 31. Near Capernaum.
41,I will come and heal him.,"Matthew 8, 5-13: Luke 7, 11-18.",A.D. 28. Age 31. Capernaum. Nain.
42,"Go your way, and tell John again what things ye have seen and heard: how that the blind receive their sight, and the lane walk, the lepers are cleansed, and the deaf hear, the dead are raised up, and the poor have the gospel preached to them. And blessed is he, whosoever shall not be offended † in me.","Matthew 11, 2-15; 16-19: Luke 7, 24-35.","A.D. 28 . Age 31. Galilee, near Cana."
43,"Woe unto thee, Chorazin! woe unto thee, Bethsaida! for if the mighty works, which were done in you, had been done in Tyre and Sidon, they would have repented long ago in sackcloth and ashes. But I say unto","Matthew 11, 20-30: Luke 10, 13-15.",A.D. 28. Age 31. Capernaum?
44,"Simon, I have somewhat to say unto thee:","Luke 7, 36-50.",A.D. 28. Age 31 Galilee (Capernaum?).
45,"There was a certain creditor which had two debtors; the one owed five hundred pence, and the other fifty. And when they had nothing to pay, he frankly forgave them both.","Luke 7, 36-50.",A.D. 28. Age 31 Galilee (Capernaum?).
46,"Tell me therefore, which of them will love him most?","Luke 7, 36-50.",A.D. 28. Age 31 Galilee (Capernaum?).
47," *Every kingdom divided against itself is brought to desolation; and every city or house divided against itself falleth: it shall not stand: and if Satan cast out Satan, he is divided against himself; how shall then his kingdom stand? because ye say that I cast out devils through Beelzebub.","Matthew 12, 22-37: Luke 11, 17-23: Mark 3, 22-29.",A.D. 28. Age 31. Capernaum.
48,"And if I by Beelzebub cast out devils, by whom do your children cast them out? therefore they shall be your judges.","Matthew 12, 22-37: Luke 11, 17-23: Mark 3, 22-29.",A.D. 28. Age 31. Capernaum.
49,"But if I with the finger of God cast out devils by the Spirit of God,","Matthew 12, 22-37: Luke 11, 17-23: Mark 3, 22-29.",A.D. 28. Age 31. Capernaum.
50,"An evil and adulterous generation seeketh after a sign; and there shall no sign be given to it, but the sign of the prophet Jonas: for as Jonas was three days and three nights in the whale's belly; so shall the Son of man be three days and three nights in the heart of the earth.","Matthew 12, 38-45.",A.D. 28. Age 31. Capernaum.
51,"The men of Nineveh shall rise in judgment with this generation, and shall condemn it: because they repented at the preaching of Jonas; and, behold, a greater than Jonas is here.","Matthew 12, 38-45.",A.D. 28. Age 31. Capernaum.
52,"The queen of the south shall rise up in the judgment with this generation, and shall condemn it: for she came from the uttermost parts","Matthew 12, 38-45.",A.D. 28. Age 31. Capernaum.
53,Who is my mother? and who are my brethren?,"Matt. 12, 46-50; 13, 1-30; Mark 3, 31-35; 4, 1-29: Luke 8, 4-18; 19-21.","A.D. 28, Age 31, Capernaum: Sea of Galilee."
54," †Whereunto shall we liken the kingdom of God? or with what comparison shall we compare it? A grain of mustard seed is the least of all seeds: is indeed less than all the seeds that be in the earth; but when it is sown in the earth, it groweth up: it becometh greater than all herbs; it shooteth out great branches, and becometh a tree, so that the fowls of the air come and lodge in the branches thereof.","Mk. 4, 30-34; 35-41: Matt. 13, 31-34; 36-52: Lk. 13, 18-21; 8, 22-25.",A.D. 28. Age 31. Capernaum: Sea of Galilee.
55,"Come out of the man, thou unclean spirit.","Mark 5, 1-20: Luke 8, 26-40: Matthew 8, 28-34.",A.D. 28. Age 31.  Sea of Galilee. Decapolis.
56,"Be not afraid, only believe. Fear not, believe only, and she shall be made whole.","Luke 9, 41-42; 49-56; 43-48: Mark 5, 22-24; 35-43; 25-34: Matthew 9, 18-19; 23-26; 27-30.",A.D. 28. Age 31. Capernaum.
57,"A prophet is not without honor, save in his own country, and among his own kin, and in his own house.","Mark 6, 1-6, 7-13: Matthew 13, 54-58; 9, 35-38; 10, 5-42: Luke 9, 1-6.",A.D. 29. Age 32. Nazareth. Capernaum.
58,"Come ye yourselves apart into a desert place, and rest a while.","Matthew 14, 1-4; 13-14: Luke 9, 7-11: Mark 6, 17-18; 30-33: John 6, 1-3.",A D. 29. Age 32. Decapolis: Bethsaida.
59,"Whence shall we buy bread, that these may eat?","John 6, 5-13: Matthew 14, 15-21: Mark 6, 35-44: Luke 9, 12-17.",A.D. 29. Age 32. Bethsaida.
60,Be of good cheer; it is I: be not afraid.,"Matthew 14, 22-32: Mark 6, 45-53: John 6, 15-21.",A.D. 29. Age 32. Sea of Galilee. Gennesaret.
61,"Verily, verily, I say unto you, ye seek me, not because ye saw the miracles, but because ye did eat of the loaves, and were filled. Labor not for the meat which perisheth, but for the meat which endureth unto everlasting life, which the Son of man shall give unto you: for him hath God the Father sealed.","John 6, 22-71.",A.D. 29. Age 32. Capernaum.
62,"Why do ye also transgress the commandment of God by your tradition? Full well ye reject the commandment of God, that ye may keep your tradition. For God commanded, saying (Moses said), Honor thy father and thy mother: and, Whoso curseth father or mother, let him die the death.","Mark 7, 1-23: Matthew 15, 1-20.",A.D. 29. Age 32. Capernaum.
63,"But ye say, If a man shall say (Whosoever shall say) to his father or his mother, It is Corban, that is to say, a gift, by whatsoever thou mightest be profited by me; and honor not his father or his mother: he shall be free. And ye suffer him no more to do aught for his father or his mother; making the word of God of none effect through your tradition, which ye have delivered; and many such like things do ye. Thus have ye made the commandment of God of none effect by your tradition.","Mark 7, 1-23: Matthew 15, 1-20.",A.D. 29. Age 32. Capernaum.
64,"Well hath Elias prophesied of you hypocrites, as it is written, This people draweth night unto me with their mouth, this people honoreth me with their lips; but their heart is far from me. Howbeit in vain do they worship me, teaching for doctrines the commandments of men.","Mark 7, 1-23: Matthew 15, 1-20.",A.D. 29. Age 32. Capernaum.
65,"Ye hypocrites! For, laying aside the commandment of God, ye hold the tradition of men, as the washing of pots and cups: and many other like things ye do.","Mark 7, 1-23: Matthew 15, 1-20.",A.D. 29. Age 32. Capernaum.
66,I am not sent but unto the lost sheep of the house of Israel.,"Matthew 15, 21-28: Mark 7, 24-36.",A.D. 29. Age 32. Phenicia. Decapolis.
67,"I have compassion on the multitude, because they have now been with me three days, and have nothing to eat: and if I send them away fasting to their own houses, they will faint by the way.","Mark 8, 1-26: Matthew 15, 32-39; John 6, 1-12.",A.D. 29. Age 32. Decapolis. Dalmanutha. Bethsaida.
68,"Whom do men say that I, the Son of man, am? Whom say the people that I am?","Matthew 16, 13-28: Mark 8, 27-38; 9, 1: Luke 9, 18-27. *",A.D. 29. Age 32. Cesarea Philippi.
69,"Arise, and be not afraid.","Luke 9, 28-42: Matthew 17, 1-21: Mark 9, 2-29.","A.D. 29 Age 32. On, and near, Mt. Hermon."
70,"Let these sayings sink down into your ears: for the Son of man shall be betrayed, and delivered into the hands of men: and they shall kill him; and the third day after that he is killed, he shall be raised again.","Mark 9, 30-37: Luke 9, 44-48: Matthew 17, 22-27.",A.D. 29. Age 32. Galilee. Capernaum.
71,"Forbid him not: for there is no man which shall do a miracle in my name, that can lightly speak evil of me. For he that is not against us is for us, is on our part.","Mark 9, 38-50: Luke 9, 49-50.",A.D. 29. Age 32 Capernaum.
72,"For whosoever shall give you a cup of water to drink in my name,","Mark 9, 38-50: Luke 9, 49-50.",A.D. 29. Age 32 Capernaum.
73,"Verily I say unto you, Except ye be converted, and become as little children, ye shall not enter into the kingdom of heaven.","Matthew 18, 1-35.",A.D. 29. Age 32. Capernaum.
74,"Whosoever therefore shall humble himself as this little child, the same is greatest in the kingdom of heaven. And whoso shall receive one such little child in my name receiveth me.","Matthew 18, 1-35.",A.D. 29. Age 32. Capernaum.
75,"But whoso shall offend one of these little ones which believe in me, it were better for him that a millstone were hanged about his neck, and that he were drowned in the depth of the sea.","Matthew 18, 1-35.",A.D. 29. Age 32. Capernaum.
76,¶Woe unto the world because of offences! for it must needs be that offences come; but woe to that man by whom the offence cometh!,"Matthew 18, 1-35.",A.D. 29. Age 32. Capernaum.
77,"My time is not yet come: but your time is always ready. The world cannot hate you; but me it hateth, because I testify of it, that the works thereof are evil. Go ye up unto this feast: for my time is not yet full come.","John 7, 1-46, 53; 8, 1.",A.D. 29. Age 32. Jerusalem. Galilee.
78,"He that is without sin among you, let him first cast a stone at her.","John 8, 2-59.",A.D. 29. Age 32. Jerusalem.
79,"Neither hath this man sinned, nor his parents: but that the works of God should be made manifest in him.","John 9, 1-41; 10, 1-18; 22-40.",A.D. 29. Age 32. Jerusalem.
80,"I must work the works of him that sent me, while it is day: the night cometh, when no man can work. As long as I am in the world, I am the light of the world.","John 9, 1-41; 10, 1-18; 22-40.",A.D. 29. Age 32. Jerusalem.
81,"Ye know not what manner of spirit ye are of. For the Son of man is not come to destroy men's lives, but to save them.","Luke 9, 51-62; 10, 1-24","A.D. 29, Age 32. Leaving Galilee. Samaria. Perea."
82,What is written in the law? how readest thou?,"Luke 10, 25-37.","A.D. 29, Age 32. Perea."
83," *When ye pray, say, Our Father which art in heaven, Hallowed be thy name. Thy kingdom come. Thy will be done, as in heaven, so in earth.","Luke 11, 1-13; 27-54.",A.D. 29. Age 32. Perea.
84,Give us day by day our daily bread.,"Luke 11, 1-13; 27-54.",A.D. 29. Age 32. Perea.
85,And forgive us our sins; for we also forgive every one that is indebted to us.,"Luke 11, 1-13; 27-54.",A.D. 29. Age 32. Perea.
86,And lead us not into temptation; but deliver us from evil.,"Luke 11, 1-13; 27-54.",A.D. 29. Age 32. Perea.
87,"Beware ye of the leaven of the Pharisees, which is hypocrisy. For there is nothing covered, that shall not be revealed; neither hid, that shall not be known. Therefore, whatsoever ye have spoken in darkness shall be heard in the light; and that which ye have spoken in the ear in closets shall be proclaimed upon the housetops.","Luke 12, 1-40.",A.D. 29. Age 32. Perea.
88,"And I say unto you my friend, Be not afraid of them that kill the body, and after that have no more that they can do. But I will forewarn you whom ye shall fear: Fear him, which after he hath killed hath power to cast into hell; yea, I say unto you, Fear him.","Luke 12, 1-40.",A.D. 29. Age 32. Perea.
89,"Are not five sparrows sold for two farthings, and not one of them is forgotten before God? But even the very hairs on your head are all numbered. Fear not therefore; ye are of more value than many sparrows.","Luke 12, 1-40.",A.D. 29. Age 32. Perea.
90,"Also I say unto you, Whosoever shall confess me before men, him shall the Son of man also confess before the angels of God: but he that denieth me before men shall be denied before the angels of God. And whosoever shall speak a word against the Son of man, it shall be forgiven him: but unto him that blasphemeth against the Holy Ghost it shall not be forgiven.","Luke 12, 1-40.",A.D. 29. Age 32. Perea.
91,"And when they bring you unto the synagogues, and unto magistrates, and powers, take ye no thought how or what thing ye shall answer, or what ye shall say: for the Holy Ghost shall teach you in the same hour what ye ought to say.","Luke 12, 1-40.",A.D. 29. Age 32. Perea.
92," *Who then is that faithful and wise steward, whom his lord shall make ruler over his household, to give them their portion of meat in due season?","Luke 12, 41-59; 13, 1-9.",A.D. 29. Age 32. Perea.
93,"Blessed is that servant, whom his lord when he cometh shall find so doing. Of a truth I say unto you, that he will make him ruler over all that he hath.","Luke 12, 41-59; 13, 1-9.",A.D. 29. Age 32. Perea.
94,"But if that servant say in his heart, My lord delayeth his coming; and shall begin to beat the menservants and maidens, and to eat and drink, and to be drunken; the lord of that servant will come in a day when he looketh not for him, and at an hour when he is not aware, and will cut him in sunder, and will appoint him his portion with the unbelievers.","Luke 12, 41-59; 13, 1-9.",A.D. 29. Age 32. Perea.
95,"And that servant, which knew his lord's will, and prepared not himself, neither did according to his will, shall be beaten with many stripes. But he that knew not, and did commit things worthy of stripes, shall be beaten with few stripes. For unto whomsoever much is given, of him shall be much required; and to whom men have committeth much, of him they will ask more.","Luke 12, 41-59; 13, 1-9.",A.D. 29. Age 32. Perea.
96,"¶I am come to send fire on the earth; and what will I, if it be already kindled? But I have a baptism to be baptized with; and how am I straitened till it be accomplished!","Luke 12, 41-59; 13, 1-9.",A.D. 29. Age 32. Perea.
97,"Suppose ye that I am come to give peace on earth? I tell you, Nay; but rather division: for from henceforth there shall be five in one house divided, three against two, and two against three. The father shall be divided against the son, and the son against the father; the mother against the daughter, and the daughter against the mother; the mother in law against her daughter in law, and the daughter in law against her mother in law.","Luke 12, 41-59; 13, 1-9.",A.D. 29. Age 32. Perea.
98,"Woman, thou are loosed from thine infirmity.","Luke 13, 10-21.",A.D. 29. Age 32. Perea.
99,"Strive to enter in at the strait gate: for many, I say unto you, will seek to enter in, and shall not be able.","Luke 13, 22-35; 10, 38-42: John 10, 39-40.",A.D. 29. Age 32. Perea. Bethany.
100,"When once the master of the house is risen up, and hath shut the door, and ye being to stand without, and to knock at the door, saying, Lord, Lord, open unto us: and he shall answer and say unto you, I know you not whence ye are: Then shall ye begin to say, We have eaten and drunk in thy presence, and thou hast taught in our streets.","Luke 13, 22-35; 10, 38-42: John 10, 39-40.",A.D. 29. Age 32. Perea. Bethany.
101,"But he shall say, I tell you, I know you not whence ye are; depart from me, all ye workers of iniquity.","Luke 13, 22-35; 10, 38-42: John 10, 39-40.",A.D. 29. Age 32. Perea. Bethany.
102,"There shall be weeping and gnashing of teeth, when ye shall see Abraham, and Isaac, and Jacob, and all the prophets, in the kingdom of God, and you yourselves thrust out.","Luke 13, 22-35; 10, 38-42: John 10, 39-40.",A.D. 29. Age 32. Perea. Bethany.
103,"And they shall come from the east, and from the west, and from the north, and from the south, and shall sit down in the kingdom of God.","Luke 13, 22-35; 10, 38-42: John 10, 39-40.",A.D. 29. Age 32. Perea. Bethany.
104,"And, behold, there are last which shall be first; and there are first which shall be last.","Luke 13, 22-35; 10, 38-42: John 10, 39-40.",A.D. 29. Age 32. Perea. Bethany.
105,Is it lawful to heal on the sabbath day?,"Luke 14, 1-35.",A.D. 29. Age 32. Perea.
106," *What man of you, having a hundred sheep, if he lose one of them, doth not leave the ninety and nine in the wilderness, and go after that which is lost, until he find it? And when he hath found it, he layeth it on his shoulders, rejoicing. And when he cometh home, he calleth together his friends and neighbors, saying unto them, Rejoice with me, for I have found my sheep which was lost.","Luke 15, 1-32.",A.D. 30. Age 33. Perea.
107,"I say unto you, that likewise joy shall be in heaven over one sinner that repenteth, more than over ninety and nine just persons, which need no repentance.","Luke 15, 1-32.",A.D. 30. Age 33. Perea.
108,"¶Either what woman having ten pieces of silver, if she lose one piece, doth not light a candle, and sweep the house, and seek diligently till she find it? And when she hath found it, she calleth her friends and her neighbors together, saying, Rejoice with me: for I have found the piece which I had lost.","Luke 15, 1-32.",A.D. 30. Age 33. Perea.
109,"There was a certain rich man, which had a steward; and the same was accused unto him that he had wasted his goods. And he called him, and said unto him, How is it that I hear this of thee? give an account of thy stewardship; for thou mayest be no longer steward.","Luke 16, 1-31.",A.D. 30. Age 33. Perea.
110,"Then the steward said within himself, What shall I do? for my lord taketh away from me the stewardship: I cannot dig: to beg I am ashamed. I am resolved what to do, that, when I am put out of the stewardship, they may receive me into their houses.","Luke 16, 1-31.",A.D. 30. Age 33. Perea.
111,"So he called every one of his lord's debtors unto him, and said unto the first, How much owest thou unto my lord? And he said, A hundred measures of oil. And he said unto him, Take thy bill, and sit down quickly, and write fifty.","Luke 16, 1-31.",A.D. 30. Age 33. Perea.
112,"Then said he to another, And how much owest thou? And he said, A hundred measures of wheat. And he said unto him, Take thy bill, and write four-score.","Luke 16, 1-31.",A.D. 30. Age 33. Perea.
113,"And the lord commended the unjust steward, because he had done wisely: for the children of this world are in their generation wiser than the children of light.","Luke 16, 1-31.",A.D. 30. Age 33. Perea.
114,"And I say unto you, Make to yourselves friends of the mammon of unrighteousness; that, when ye fail, they may receive you into everlasting habitations.","Luke 16, 1-31.",A.D. 30. Age 33. Perea.
115,He that is faithful in that which is least is faithful also in much: and he that is unjust in the least is unjust also in much.,"Luke 16, 1-31.",A.D. 30. Age 33. Perea.
116,"If herefore ye have not been faithful in the unrighteous mammon, who will commit to your trust the true riches? And if ye have not been faithful in that which is another man's who, shall give you that which is your own?","Luke 16, 1-31.",A.D. 30. Age 33. Perea.
117,"¶No servant can serve two masters: for either he will hate the one, and love the other, or else he will hold to the one and despise the other. Ye cannot serve God and mammon.","Luke 16, 1-31.",A.D. 30. Age 33. Perea.
118,"It is impossible but that offences will come: but woe unto him,","Luke 17, 1-10: John 11, 1-54.",A.D. 30. Age 33. Perea. Bethany. Perea.
119,Go shew yourselves unto the priests.,"Luke 17, 11-37; 18, 1-8.",A.D. 30. Age 33. Galilee. Samaria. Perea.
120,"Two men went up into the temple to pray; the one a Pharisee, and the other a publican.","Luke 18, 9-30: Mark 10, 13-31: Matthew 19, 13-30; and 20, 1-16.",A.D. 30. Age 33. Perea.
121,"The Pharisee stood and prayed thus with himself: God, I thank thee, that I am not as other men are, extortioners, unjust, adulterers, or even as this publican. I fast twice in the week, I give tithes of all that I possess.","Luke 18, 9-30: Mark 10, 13-31: Matthew 19, 13-30; and 20, 1-16.",A.D. 30. Age 33. Perea.
122,"And the publican, standing afar off, would not lift up so much as his eyes unto heaven, but smote upon his breast, saying, God be merciful to me a sinner.","Luke 18, 9-30: Mark 10, 13-31: Matthew 19, 13-30; and 20, 1-16.",A.D. 30. Age 33. Perea.
123,"I tell you, this man went down to his house justified rather than the other: for every man that exalteth himself shall be abased; and he that humbleth himself shall be exalted.","Luke 18, 9-30: Mark 10, 13-31: Matthew 19, 13-30; and 20, 1-16.",A.D. 30. Age 33. Perea.
124,What did Moses command you?,"Mark 10, 1-12: Matthew 19, 1-12.",A.D. 30. Age 33. Perea.
125,"Behold, we go up to Jerusalem; and the Son of man shall be betrayed and delivered unto the chief priests, and unto the scribes; and he shall be spitefully entreated and spitted on; and they shall condemn him to death, and shall deliver him unto the Gentiles.","Matthew 20, 17-28: Mark 10, 32-45: Luke 18, 31-34.",A.D. 30. Age 33. Perea.
126,"They shall mock him, and shall scourge him, and shall crucify and kill him: and the third day he shall rise again.","Matthew 20, 17-28: Mark 10, 32-45: Luke 18, 31-34.",A.D. 30. Age 33. Perea.
127,And all the things that are written by the prophets concerning the Son of man shall be accomplished.,"Matthew 20, 17-28: Mark 10, 32-45: Luke 18, 31-34.",A.D. 30. Age 33. Perea.
128,What wilt thou that I shall do unto thee?,"Luke 18, 35-43; 19, 1-27: Mark 10, 46-52.",A.D. 30. Age 33. Jericho.
129,"Go ye your way into the village over against you, in the which, as soon as ye be entered into it, straightway ye shall find an ass tied, and a colt with her, * whereon yet never man sat; loose them, and bring them hither unto me.","John 11, 55-57: Matthew 21, 1-6: Mark 77, 1-11: Luke 19, 28-44.",A.D. 30. Age 33. Bethphage. Jerusalem.
130,"And if any man say aught unto you, and ask you, Why do ye this? why do ye loose them? ye shall say, Because the Lord hath need of them; and straightway he will send them hither.","John 11, 55-57: Matthew 21, 1-6: Mark 77, 1-11: Luke 19, 28-44.",A.D. 30. Age 33. Bethphage. Jerusalem.
131,Let no fruit grow on thee henceforward. No man eat fruit of thee hereafter for ever.,"Mark 11, 12-26: Matthew 21, 12-13; 18-22: Luke 19, 45-48.",A.D. 30. Age 33. Near Bethany. Jerusalem.
132,"I also will ask of you one question, which if ye will tell me, and answer me, I in like wise will tell you by what authority I do these things: The baptism of John, whence was it? was it from heaven, or of men? Answer me.","Matthew 21, 23-46: Mark 11, 27-33; 12, 1-12: Luke 20, 1-19.","A.D. 30. Age 33. Jerusalem, in the Temple."
133,"The kingdom of heaven is like unto a certain king which made a marriage for his son, and sent forth his servants to call them that were bidden to the wedding: and they would not come.","Matthew 22, 1-32: Mark 12, 13-27: Luke 20, 20-38.","A.D. 30. Age 33. Jerusalem, in the Temple."
134,"Again, he sent forth other servants, saying, Tell them which are bidden, Behold, I have prepared my dinner: my oxen and my fatlings are killed, and all things are ready: come unto the marriage. But they made light of it, and went their ways, one to his farm, another to his merchandise: and the remnant took his servants, and entreated them spitefully, and slew them. But when the king heard thereof, he was wroth: and sent forth his armies, and destroyed those murderers, and burned up their city.","Matthew 22, 1-32: Mark 12, 13-27: Luke 20, 20-38.","A.D. 30. Age 33. Jerusalem, in the Temple."
135,"Then saith he to his servants, The wedding is ready, but they which were bidden were not worthy. Go ye therefore into the highways, and as many as ye shall find, bid to the marriage. So those servants went out into the highways, and gathered all together as many as they found, both bad and good: and the wedding was furnished with guests.","Matthew 22, 1-32: Mark 12, 13-27: Luke 20, 20-38.","A.D. 30. Age 33. Jerusalem, in the Temple."
136,"¶And when the king came in to see the guests, he saw there a man which had not on a wedding garment: and he saith unto him, Friend, how earnest thou in hither not having a wedding garment? And he was speechless.","Matthew 22, 1-32: Mark 12, 13-27: Luke 20, 20-38.","A.D. 30. Age 33. Jerusalem, in the Temple."
137,"Then said the king to the servants, Bind him hand and foot, and take him away, and cast him into outer darkness; there shall be weeping and gnashing of teeth.","Matthew 22, 1-32: Mark 12, 13-27: Luke 20, 20-38.","A.D. 30. Age 33. Jerusalem, in the Temple."
138,"For many are called, but few are chosen.","Matthew 22, 1-32: Mark 12, 13-27: Luke 20, 20-38.","A.D. 30. Age 33. Jerusalem, in the Temple."
139,"The first of all the commandments is, Hear, O Israel; The Lord our God is one Lord: and thou shalt love the Lord thy God with all thy heart, and with all thy soul, and with all thy mind, and with all thy strength: this is the first and great commandment. And the second is like unto it, namely this, Thou shalt love thy neighbor as thyself. On these two commandments hang all the law and the prophets. There is none other commandment greater than these.","Matthew 22, 34-46: Mark 12, 28-44: Luke 20, 41-47; 21, 1-4.","A.D. 30. Age 33. Jerusalem, in the Temple."
140,"The scribes and the Pharisees sit in Moses' seat: all therefore whatsoever they bid you observe, that observe and do; but do not ye after their works: for they say, and do not. For they bind heavy burdens and grievous to be borne, and lay them on men's shoulders; but they themselves will not move them with one of their fingers.","Matthew 23, 1-39.","A.D. 30. Age 33. Jerusalem, in the Temple."
141,"But all their works they do for to be seen of men: they make broad their phylacteries, and enlarge the borders of their garments, and love the uppermost rooms at feasts, and the chief seats in the synagogues, and greetings in the markets, and to be called of men, Rabbi, Rabbi. But be not ye called Rabbi: for one is your Master, even Christ; and all ye are brethren.","Matthew 23, 1-39.","A.D. 30. Age 33. Jerusalem, in the Temple."
142,"And call no man your father upon the earth: for one is your Father which is in heaven. Neither be ye called masters: for one is your Master, even Christ.","Matthew 23, 1-39.","A.D. 30. Age 33. Jerusalem, in the Temple."
143,But he that is greatest among you shall be your servant. And whosoever shall exalt himself shall be abased; and he that shall humble himself shall be exalted.,"Matthew 23, 1-39.","A.D. 30. Age 33. Jerusalem, in the Temple."
144,"¶But woe unto you, scribes and pharisees, hypocrites! for ye shut up the kingdom of heaven against men: for ye neither go in yourselves, neither suffer ye them that are entering to go in.","Matthew 23, 1-39.","A.D. 30. Age 33. Jerusalem, in the Temple."
145,"Woe unto you, scribes and Pharisees, hypocrites! for ye pay tithe of mint and anise and cummin, and have omitted the weightier matters ","Matthew 23, 1-39.","A.D. 30. Age 33. Jerusalem, in the Temple."
146,"The hour is come, that the Son of man should be glorified.","John 12, 20-36; 42-50.","A.D. 30. Age 33. Jerusalem, in the Temple."
147,"Verily, verily, I say unto you, Except a corn of wheat fall into the ground and die, it abideth alone: but if it die, it bringeth forth much fruit. He that loveth his life shall lose it; and he that hateth his life in his world shall keep it unto life eternal.","John 12, 20-36; 42-50.","A.D. 30. Age 33. Jerusalem, in the Temple."
148,"If any man serve me, let him follow me; and where I am, there shall also my servant be: if any man serve me, him will my Father honor.","John 12, 20-36; 42-50.","A.D. 30. Age 33. Jerusalem, in the Temple."
149,"Now is my soul troubled; and what shall I say? Father, save me from this hour? but for this cause came I unto this hour.","John 12, 20-36; 42-50.","A.D. 30. Age 33. Jerusalem, in the Temple."
150,"Father, glorify thy name.","John 12, 20-36; 42-50.","A.D. 30. Age 33. Jerusalem, in the Temple."
151," *Seest thou these great buildings? See ye not all these things? Verily I say unto you, As for these things which ye behold, the days will come, in the which there shall not be left here one stone upon another, that shall not be thrown down.","Matthew 24, 1-31: Mark 13, 1-27: Luke 21, 5-28.",A.D. 30. Age 33. Jerusalem. Mt. of Olives.
152," *NOW learn a parable of the fig tree: Behold the fig tree when her branch is yet tender, and putteth forth leaves; and behold the trees when they now shoot forth: ye see and know of your own selves that summer is nigh at hand.","Matthew 24, 32-51; 25, 1-13: Mark 13, 28-37: Luke 21, 29-36.",A.D. 30. Age 33. Mount of Olives.
153,"So in like manner, when ye shall see all these things come to pass, know ye that the kingdom of God is nigh at hand, even at the doors. Verily I say unto you, This generation shall not pass, till all these things be done. Heaven and earth shall pass away, but my words shall not pass away.","Matthew 24, 32-51; 25, 1-13: Mark 13, 28-37: Luke 21, 29-36.",A.D. 30. Age 33. Mount of Olives.
154,"¶And take heed to yourselves, lest at any time your hearts be overcharged with surfeiting and drunkenness, and cares of this life; and so","Matthew 24, 32-51; 25, 1-13: Mark 13, 28-37: Luke 21, 29-36.",A.D. 30. Age 33. Mount of Olives.
155," *FOR the kingdom of heaven is as a man travelling into a far country, who called his own servants, and delivered unto them his goods. And unto one he gave five talents, to another, two, and to another, one; to every man according to his several ability; and straightway took his journey.","Matthew 25, 14-46.",A.D. 30. Age 33. Mount of Olives.
156,"Then he that had received the five talents went and traded with the same, and made them other five talents. And likewise he that had received two, he also gained other two. But he that had received one went and digged in the earth, and hid his lord's money.","Matthew 25, 14-46.",A.D. 30. Age 33. Mount of Olives.
157,"After a long time the lord of those servants cometh, and reckoned with them.","Matthew 25, 14-46.",A.D. 30. Age 33. Mount of Olives.
158,"And so he that had received five talents came and brought other five talents, saying, Lord, thou deliveredst unto me five talents: behold, I have gained beside them five talents more. His lord said unto him, Well done, thou good and faithful servant: thou hast been faithful over a few things, I will make thee ruler over many things: enter thou into the joy of thy lord.","Matthew 25, 14-46.",A.D. 30. Age 33. Mount of Olives.
159,"He also that had received two talents came and said, Lord, thou deliveredst unto me two talents: behold, I have gained two other talents beside them. His lord said unto him, Well done, good and faithful servant: thou hast been faithful over a few things, I will make thee ruler over many things: enter thou into the joy of thy lord.","Matthew 25, 14-46.",A.D. 30. Age 33. Mount of Olives.
160,Let her alone: why trouble ye the woman? Against the day of my burying hath she done this.,"John 12, 1-11: Matthew 26, 6-13: Mark 14, 3-9.",A.D. 30. Age 33. Bethany.
161,"For ye have the poor with you always, and whensoever ye will ye may do them good: but me ye have not always. She hath wrought a good work upon me; for she hath done what she could: for in that she hath poured this ointment on my body, she is come aforehand to anoint my body to the burying (she did it for my burial). Why trouble ye her?","John 12, 1-11: Matthew 26, 6-13: Mark 14, 3-9.",A.D. 30. Age 33. Bethany.
162,"Verily I say unto you, Wheresoever this gospel shall be preached throughout the whole world, there shall also this that this woman hath done, be told for a memorial of her.","John 12, 1-11: Matthew 26, 6-13: Mark 14, 3-9.",A.D. 30. Age 33. Bethany.
163,"Ye know that after two days is the feast of passover, and the Son of man is betrayed to be crucified.","Luke 21, 37-38; 22, 1-18: Matthew 26, 1-5; 14-20: Mark 14, 1-2; 10-17: John 13, 2-17.",A.D. 30. Age 33. Bethany. Jerusalem: Upper Room.
164,"Take, eat; this is my body, which is given * for you: this do in remembrance of me.","Paul I. Corinthians 11, 24-25: Matthew 26, 21-29: Mark 14, 18-25: Luke 22, 19-38: John 13, 18-38; 14, 1-4.",A.D. 30 Age 33. Jerusalem: Upper Room.
165,"I am the way, the truth, and the life: no man cometh unto the Father, but by me. If ye had known me, ye should have known my Father also: and from henceforth ye know him, and have seen him.","John 14, 5-31.",A.D. 30. Age 33. Jerusalem: Upper Room.
166,"I AM the true vine, and my Father is the husbandman. Every branch in me that beareth not fruit he taketh away: and every branch that beareth fruit, he purgeth it, that it may bring forth more fruit. Now ye are clean through the word which I have spoken unto you.","John 15, 1-27; 16, 1.",A.D. 30. Age 33. Jerusalem: Upper Room.
167,"Abide in me, and I in you. As the branch cannot bear fruit of itself, except it abide in the vine; no more can ye, except ye abide in me. I am the vine, ye are the branches; he that abideth in me, and I in him, the same bringeth forth much fruit; for without me ye can do nothing.","John 15, 1-27; 16, 1.",A.D. 30. Age 33. Jerusalem: Upper Room.
168,"If a man abide not in me, he is cast forth as a branch, and is withered; and men gather them, and cast them into the fire, and they are burned. If ye abide in me, and my words abide in you, ye shall ask what ye will, and it shall be done unto you.","John 15, 1-27; 16, 1.",A.D. 30. Age 33. Jerusalem: Upper Room.
169,"THEY shall put you out of the synagogues: yea, the time cometh, that whosoever killeth you, you will think that he doeth God service. And these things will they do unto you, because they have not known the Father, nor me.","John 16, 2-33.",A.D. 30. Age 33. Jerusalem: Upper Room.
170,"But these things have I told you, that when the time shall come, ye may remember that I told you of them. And these things I said not unto you at the beginning, because I was with you.","John 16, 2-33.",A.D. 30. Age 33. Jerusalem: Upper Room.
171,"But now I go my way to him that sent me; and none of you asketh me, Whither goest thou? But because I have said these things unto you, sorrow hath filled your heart. Nevertheless I tell you the truth; It is expedient for you that I go away: for if I go not away, the Comforter will not come unto you; but if I depart, I will send him unto you. And when he is come, he will reprove the world of sin, and of righteousness, and of judgment: of sin, because they believed not on me; of righteousness, because I go to my Father, and ye see me no more; of judgment, because the prince of this world is judged.","John 16, 2-33.",A.D. 30. Age 33. Jerusalem: Upper Room.
172,"I have yet many things to say unto you, but ye cannot bear them now. Howbeit when he, the Spirit of truth, is come, he will guide you into all truth: for he shall not speak of himself; but whatsoever he shall hear, that shall he speak: and he will shew you things to come. He shall glorify me: for he shall receive of mine, and shall shew it unto you.","John 16, 2-33.",A.D. 30. Age 33. Jerusalem: Upper Room.
173,"All things that the Father hath are mine: therefore said I, that he shall take of mine, and shall shew it unto you.","John 16, 2-33.",A.D. 30. Age 33. Jerusalem: Upper Room.
174,"A little while, and ye shall not see me: and again, a little while, and ye shall see me, because I go to the Father.","John 16, 2-33.",A.D. 30. Age 33. Jerusalem: Upper Room.
175,"Father, the hour is come; glorify thy Son, that thy Son also may glorify thee: as thou hast given him power over all flesh, that he should give eternal life to as many as thou hast given him. And this is life eternal, that they might know thee the only true God, and Jesus Christ whom thou hast sent. I have glorified thee on the earth: I have finished the work which thou gavest me to do. And now, O Father, glorify thou me with thine own self with the glory which I had with thee before the world was.","John 17, 1-26.",A.D. 30. Age 33. Jerusalem: Upper Room.
176,"I have manifested thy name unto the men which thou gavest me out of the world: thine they were, and thou gavest them me; and they have kept thy word. Now they have known that all things whatsoever thou hast given me are of thee. For I have given unto them the words which thou gavest me; and they have received them, and have known surely that I came out from thee, and they have believed that thou didst send me.","John 17, 1-26.",A.D. 30. Age 33. Jerusalem: Upper Room.
177,"All ye shall be offended † because of me this night: for it is written, I will smite the Shepherd, and the sheep of the flock shall be scattered abroad.","Matthew 26, 30-47: Mark 14, 26-43: Luke 22, 39-47: John 18, 1-9.",A.D. 30. Age 33. Mount of Olives. Gethsemane.
178,"But after that I am risen again, I will go before you into Galilee.","Matthew 26, 30-47: Mark 14, 26-43: Luke 22, 39-47: John 18, 1-9.",A.D. 30. Age 33. Mount of Olives. Gethsemane.
179,"Friend, wherefore art thou come? † Judas, betrayest thou the Son of man with a kiss?","Matthew 26, 48-58: Mark 14, 44-50; 53-54: Luke 22, 47-55: John 18, 10-16; 19-23.",A.D. 30. Age 33. Gethsemane. Jerusalem.
180,"Thou hast said. I am. Nevertheless I say unto you, Hereafter shall ye see the Son of man sitting on the right hand of power, and coming in the clouds of heaven.","Matthew 26, 59-75; 27, 1-7: Mark 14, 55-72: Luke 22, 56-71: John 18, 17-27.",A.D. 30. Age 33. Jerusalem.
181,"Sayest thou this thing of thyself, or did others tell it thee of me?","John 18, 28-40; 19, 1-16: Luke 23, 1-11; 13-25: Mark 15, 1-15: Matthew 27, 11-26.",A.D. 30. Age 33. Jerusalem.
182,"Daughters of Jerusalem, weep not for me, but weep for yourselves, and for your children. For, behold, the days are coming, in the which they shall say, Blessed are the barren, and the wombs that never bare, and the paps which never gave suck.","Matthew 27, 27-38: Mark 15, 16-27: Luke 23, 26-34: John 19, 17-20.",A.D. 30. Age 33. Jerusalem. Golgotha: Calvary.
183,"Then shall they begin to say to the mountains, Fall on us: and to the hills, Cover us.","Matthew 27, 27-38: Mark 15, 16-27: Luke 23, 26-34: John 19, 17-20.",A.D. 30. Age 33. Jerusalem. Golgotha: Calvary.
184,"For if they do these things in a green tree, what shall be done in the dry?","Matthew 27, 27-38: Mark 15, 16-27: Luke 23, 26-34: John 19, 17-20.",A.D. 30. Age 33. Jerusalem. Golgotha: Calvary.
185,"Verily I say unto thee, To day shalt thou be with me in paradise.","Matthew 27, 39-56: Mark 15, 29-41: Luke 23, 35-49: John 19, 23-30.",A.D. 30. Age 33. Jerusalem. Golgotha: Calvary.
186,After three days I will rise again.,"Mark 15, 42-47: Luke 23, 50-56: John 19, 38-42: Matthew 27, 57-66.",A.D. 30. Age 33. Jerusalem: The Sepulchre.
187,All hail!,"Matthew 28, 1, and 8-10: Mark 16, 1-11: Luke 24, 1-9: John 20, 11-18.",A.D. 30. Age 33. Jerusalem: The Sepulchre.
188,"What manner of communications are these that ye have one to another, as ye walk, and are sad?","Mark 16, 12-13: Luke 24, 13-31; 33-43: John 20, 19-29.",A.D. 30. Age 33. Emmaus. Jerusalem.
189,"Children, have ye any meat?","John 21, 1-25.",A.D. 30. Age 33. Sea of Galilee.
190,"Go ye into all the world, and preach the gospel to every creature.","Matthew 28, 16-20: Mark 16, 12-18: Luke 24, 44-53; and Luke's Acts of The Apostles 1, 12.",A.D. 30. Age 33. Galilee. Mt. Olivet. Bethany.
191,He that believeth and is baptized shall be saved; but he that believeth not shall be damned.,"Matthew 28, 16-20: Mark 16, 12-18: Luke 24, 44-53; and Luke's Acts of The Apostles 1, 12.",A.D. 30. Age 33. Galilee. Mt. Olivet. Bethany.
192,"And these signs shall follow them that believe: In my name shall they cast out devils; they shall speak with new tongues; they shall take up serpents; and if they drink any deadly thing, it shall not hurt them; they shall lay hands on the sick, and they shall recover.","Matthew 28, 16-20: Mark 16, 12-18: Luke 24, 44-53; and Luke's Acts of The Apostles 1, 12.",A.D. 30. Age 33. Galilee. Mt. Olivet. Bethany.
193,All power is given unto me in heaven and in earth.,"Matthew 28, 16-20: Mark 16, 12-18: Luke 24, 44-53; and Luke's Acts of The Apostles 1, 12.",A.D. 30. Age 33. Galilee. Mt. Olivet. Bethany.
194,"Go ye therefore, and teach all nations, baptizing them in the name of the Father, and of the Son, and of the Holy Ghost: teaching them to observe all things whatsoever I have commanded you: and, lo, I am with you alway, even unto the end of the world.","Matthew 28, 16-20: Mark 16, 12-18: Luke 24, 44-53; and Luke's Acts of The Apostles 1, 12.",A.D. 30. Age 33. Galilee. Mt. Olivet. Bethany.
195,"Wait (tarry in Jerusalem) for the promise of the Father, which ye have heard of me. For John truly baptized with water; but ye shall be baptized with the Holy Ghost not many days hence.","Luke: Acts 1, 2-9.",A.D. 35. Mount of Olives.
196,"Be not afraid, but speak, and hold not thy peace; for I am with thee, and no man shall set on thee to hurt thee; for I have much people in this city.","Luke: Acts 18, 7-11.",A.D. 54. Corinth.
197,"Saul, Saul, why persecutest thou me?","Luke: Acts (parts of) Chapters 21, 22, 23, 24, 25, 26, 27.",A.D. 60.
198,"I am Alpha and Omega, the first and the last, the beginning and the ending:","Revelation 1, 1-3; 9-20.",A.D. 96.
199,"What thou seest, write in a book, and send it unto the seven churches which are in Asia; unto Ephesus, and unto Smyrna, and unto Pergamos, and unto Thyatira, and unto Sardis, and unto Philadelphia, and unto Laodicea.","Revelation 1, 1-3; 9-20.",A.D. 96.
200,UNTO the angel of the church of Ephesus write;,"Revelation 2, 1-7.",A.D. 96.
201,"These things saith he that holdeth the seven stars in his right hand, who walketh in the midst of the seven golden candlesticks;","Revelation 2, 1-7.",A.D. 96.
202,"I know thy works, and thy labor, and thy patience, and how thou canst not bear them which are evil: and thou hast tried them which say they are apostles, and are not, and hast found them liars: and hast borne, and hast patience, and for my name's sake hast labored, and hast not fainted.","Revelation 2, 1-7.",A.D. 96.
203,"Nevertheless I have somewhat against thee, because thou hast left thy first love.","Revelation 2, 1-7.",A.D. 96.
204,"Remember therefore from whence thou art fallen, and repent, and do the first works; or else I will come unto thee quickly, and will remove thy candlestick out of his place, except thou repent.","Revelation 2, 1-7.",A.D. 96.
205,"But this thou hast, that thou hatest the deeds of the Nicolaitans, which I also hate.","Revelation 2, 1-7.",A.D. 96.
206,AND unto the angel of the church in Smyrna write;,"Revelation 2, 8-11.",A.D. 96
207,"These things saith the first and the last, which was dead, and is alive;","Revelation 2, 8-11.",A.D. 96
208,"I know thy works, and tribulation, and poverty (but thou art rich); and I know the blasphemy of them which say they are Jews, and are not, but are the synagogue of Satan.","Revelation 2, 8-11.",A.D. 96
209,"Fear none of those things which thou shalt suffer: behold, the devil shall cast some of you into prison, that ye may be tried; and ye shall have tribulation ten days: be thou faithful unto death, and I will give thee a crown of life.","Revelation 2, 8-11.",A.D. 96
210,AND to the angel of the church in Pergamos write;,"Revelation 2, 8-11.",A.D. 96
211,These things saith he which hath the sharp sword with two edges;,"Revelation 2, 8-11.",A.D. 96
212,"I know thy works, and where thou dwellest, even where Satan's seat is; and thou holdest fast my name, and hast not denied my faith, even in those days wherein Antipas was my faithful martyr, who was slain among you, where Satan dwelleth.","Revelation 2, 8-11.",A.D. 96
213,"But I have a few things against thee, because thou hast there them that hold the doctrine of Balaam, who taught Balak to cast a stumbling-block before the children of Israel, to eat things sacrificed unto idols, and to commit fornication.","Revelation 2, 8-11.",A.D. 96
214,"¶So hast thou also them that hold the doctrine of the Nicolaitans, which thing I hate.","Revelation 2, 8-11.",A.D. 96
215,"Repent; or else I will come unto thee quickly, and will fight against them with the sword of my mouth.","Revelation 2, 8-11.",A.D. 96
216,AND unto the angel of the church in Thyatira write;,"Revelation 2, 18-29.",A.D. 96.
217,"These things saith the Son of God, who hath his eyes like unto a flame of fire, and his feet are like fine brass;","Revelation 2, 18-29.",A.D. 96.
218,"I know thy works, and charity, and service, and faith, and thy patience, and thy works; and the last to be more than the first.","Revelation 2, 18-29.",A.D. 96.
219,"Notwithstanding I have a few things against thee, because thou sufferest that woman Jezebel, which calleth herself a prophetess, to teach and to seduce my servants to commit fornication, and to eat things sacrificed unto idols. And I gave her space to repent of her fornication; and she repented not. Behold, I will cast her into a bed, and them that commit adultery with her into great tribulation, except they repent of their deeds. And I will kill her children with death; and all the churches shall know that I am he which searcheth the reins and hearts: and I will give unto every one of you according to your works.","Revelation 2, 18-29.",A.D. 96.
220,"But unto you I say, and unto the rest in Thyatira, as many as have not this doctrine, and which have not known the depths of Satan, as they speak; I will put upon you none other burden. But that which ye have already, hold fast till I come.","Revelation 2, 18-29.",A.D. 96.
221,"And he that overcometh, and keepeth my works unto the end, to him will I give power over the nations: and he shall rule them with a rod of iron; as the vessels of a potter shall they be broken to shivers: even as I received of my Father. And I will give him the morning star.","Revelation 2, 18-29.",A.D. 96.
222,AND unto the angel of the church in Sardis write;,"Revelation 3, 1-6.",A.D. 96.
223,"These things saith he that hath the seven Spirits of God, and the seven stars;","Revelation 3, 1-6.",A.D. 96.
224,"I know thy works, that thou hast a name that thou livest, and art dead. Be watchful, and strengthen the things which remain, that are ready to die: for I have not found thy works perfect before God.","Revelation 3, 1-6.",A.D. 96.
225,"Remember therefore how thou hast received and heard, and hold fast, and repent. If therefore thou shalt not watch, I will come on thee as a thief, and thou shalt not know what hour I will come upon thee.","Revelation 3, 1-6.",A.D. 96.
226,"Thou hast a few names even in Sardis which have not defiled their garments; and they shall walk with me in white; for they are worthy. He that overcometh, the same shall be clothed in white raiment; and","Revelation 3, 1-6.",A.D. 96.
227,AND to the angel of the church in Philadelphia write;,"Revelation 3, 7-13.",A.D. 96.
228,"These things saith he that is holy, he that is true, he that hath the key of David, he that openeth, and no man shutteth; and shutteth, and no man openeth;","Revelation 3, 7-13.",A.D. 96.
229,"I know thy works: behold, I have set before thee an open door, and no man can shut it: for thou hast a little strength, and hast kept my word, and hast not denied my name.","Revelation 3, 7-13.",A.D. 96.
230,"Behold, I will make them of the synagogue of Satan, which say they are Jews, and are not, but do lie; behold, I will make them to come and worship before thy feet, and to know that I have loved thee.","Revelation 3, 7-13.",A.D. 96.
231,"Because thou hast kept the word of my patience, I also will keep thee from the hour of temptation, which shall come upon all the world, to try them that dwell upon the earth.","Revelation 3, 7-13.",A.D. 96.
232,"Behold, I come quickly; hold that fast which thou hast, that no man take thy crown.","Revelation 3, 7-13.",A.D. 96.
233,"Him that overcometh will I make a pillar in the temple of my God, and he shall go no more out: and I will write upon him the name of my God, and the name of the city of my God, which is new Jerusalem, which cometh down out of heaven from my God; and I will write upon him my new name.","Revelation 3, 7-13.",A.D. 96.
234,AND unto the angel of the church of the Laodiceans write;,"Revelation 3, 14-22.",A.D. 96.
235,"These things saith the Amen, the faithful and true witness, the beginning of the creation of God;","Revelation 3, 14-22.",A.D. 96.
236,"I know thy works, that thou art neither cold nor hot: I would thou wert cold or hot. So then because thou art lukewarm, and neither cold nor hot, I will spew thee out of my mouth. Because thou sayest, I am rich, and increased with goods, and have need of nothing; and knowest not that thou art wretched, and miserable, and poor, and blind, and naked: I counsel thee to buy of me gold tried in the fire,","Revelation 3, 14-22.",A.D. 96.
237,"Write, Blessed are the dead which die in the Lord from henceforth: Yea,","Revelation 4, 1-2; 14, 13; 16, 15; 19, 9-10; 21, 5-8; 22, 6-21.",A.D. 96.
238,"Saith the Spirit,","Revelation 4, 1-2; 14, 13; 16, 15; 19, 9-10; 21, 5-8; 22, 6-21.",A.D. 96.
239,That they may rest from their labors: and their works do follow them.,"Revelation 4, 1-2; 14, 13; 16, 15; 19, 9-10; 21, 5-8; 22, 6-21.",A.D. 96.
